step,age_group,diet,species,pathway,reaction_id,reaction_name,flux,equation_in_flux_direction,incoming_from,shared_metabolites_from_previous
1,81_plus,high_fiber,Faecalibacterium_prausnitzii_M21_2__AGORA1_03,Nucleotide interconversion,ADK1,Adenylate Kinase,-1000.0,2 adp[c] -> amp[c] + atp[c],,
2,81_plus,high_fiber,Faecalibacterium_prausnitzii_M21_2__AGORA1_03,Nucleotide interconversion,ADK10,adenylate kinase (dTTP),-1000.0,adp[c] + dtdp[c] -> amp[c] + dttp[c],,
3,81_plus,high_fiber,Faecalibacterium_prausnitzii_M21_2__AGORA1_03,Nucleotide interconversion,ADK11,adenylate kinase (dUTP),1000.0,amp[c] + dutp[c] -> adp[c] + dudp[c],,
4,81_plus,high_fiber,Faecalibacterium_prausnitzii_M21_2__AGORA1_03,Nucleotide interconversion,ADK5,adenylate kinase (CTP),-1000.0,adp[c] + cdp[c] -> amp[c] + ctp[c],,
5,81_plus,high_fiber,Faecalibacterium_prausnitzii_M21_2__AGORA1_03,Nucleotide interconversion,ADK9,adenylate kinase (dGTP),-1000.0,adp[c] + dgdp[c] -> amp[c] + dgtp[c],,
6,81_plus,high_fiber,Faecalibacterium_prausnitzii_M21_2__AGORA1_03,Nucleotide interconversion,GK1,Guanylate Kinase (GMP:ATP),1000.0,atp[c] + gmp[c] -> adp[c] + gdp[c],,
7,81_plus,high_fiber,Faecalibacterium_prausnitzii_M21_2__AGORA1_03,Nucleotide interconversion,NDPK1,Nucleoside-Diphosphate Kinase (ATP:GDP),1000.0,atp[c] + gdp[c] -> adp[c] + gtp[c],,
8,81_plus,high_fiber,Faecalibacterium_prausnitzii_M21_2__AGORA1_03,Nucleotide interconversion,NDPK2,Nucleoside-Diphosphate Kinase (ATP:UDP),1000.0,atp[c] + udp[c] -> adp[c] + utp[c],,
9,81_plus,high_fiber,Faecalibacterium_prausnitzii_M21_2__AGORA1_03,Nucleotide interconversion,NDPK6,Nucleoside-Diphosphate Kinase (ATP:dUDP),1000.0,atp[c] + dudp[c] -> adp[c] + dutp[c],,
10,81_plus,high_fiber,Faecalibacterium_prausnitzii_M21_2__AGORA1_03,Nucleotide interconversion,NDPK7,Nucleoside-Diphosphate Kinase (ATP:dCDP),1000.0,atp[c] + dcdp[c] -> adp[c] + dctp[c],,
11,81_plus,high_fiber,Faecalibacterium_prausnitzii_M21_2__AGORA1_03,Nucleotide interconversion,ADK8,adenylate kinase (dCTP),999.9697942691377,amp[c] + dctp[c] -> adp[c] + dcdp[c],,
12,81_plus,high_fiber,Faecalibacterium_prausnitzii_M21_2__AGORA1_03,Nucleotide interconversion,NDPK5,Nucleoside-Diphosphate Kinase (ATP:dGDP),-999.9697942691377,adp[c] + dgtp[c] -> atp[c] + dgdp[c],,
13,81_plus,high_fiber,Faecalibacterium_prausnitzii_M21_2__AGORA1_03,Nucleotide interconversion,ADK3,Adentylate Kinase (GTP),999.8993621411591,amp[c] + gtp[c] -> adp[c] + gdp[c],,
14,81_plus,high_fiber,Faecalibacterium_prausnitzii_M21_2__AGORA1_03,Nucleotide interconversion,GK2,guanylate kinase (GMPdATP),-999.8993621411591,dadp[c] + gdp[c] -> datp[c] + gmp[c],,
15,81_plus,high_fiber,Faecalibacterium_prausnitzii_M21_2__AGORA1_03,Nucleotide interconversion,NDPK4,Nucleoside-Diphosphate Kinase (ATP:dTDP),-999.8678424310187,adp[c] + dttp[c] -> atp[c] + dtdp[c],,
16,81_plus,high_fiber,Faecalibacterium_prausnitzii_M21_2__AGORA1_03,Nucleotide interconversion,UTPATPT,Uridine triphosphate:AMP phosphotransferase,999.2739587806795,amp[c] + utp[c] -> adp[c] + udp[c],,
17,81_plus,high_fiber,Faecalibacterium_prausnitzii_M21_2__AGORA1_03,Nucleotide interconversion,NDPK3,Nucleoside-Diphosphate Kinase (ATP:CDP),-998.2270523375638,adp[c] + ctp[c] -> atp[c] + cdp[c],,
18,81_plus,high_fiber,Faecalibacterium_prausnitzii_M21_2__AGORA1_03,Nucleotide interconversion,NDPK8,Nucleoside-Diphosphate Kinase (ATP:dADP),-944.3839386354474,adp[c] + datp[c] -> atp[c] + dadp[c],,
19,81_plus,high_fiber,Faecalibacterium_prausnitzii_M21_2__AGORA1_03,Nucleotide interconversion,ADK7,adenylate kinase (dATP),55.49191261221927,amp[c] + datp[c] -> adp[c] + dadp[c],,
20,81_plus,high_fiber,Faecalibacterium_prausnitzii_M21_2__AGORA1_03,Nucleotide interconversion,DURIPP,Deoxyuridine Phosphorylase,24.25312285248206,duri[c] + pi[c] -> 2dr1p[c] + ura[c],,
21,81_plus,high_fiber,Faecalibacterium_prausnitzii_M21_2__AGORA1_03,Nucleotide interconversion,ADD,adenine deaminase,2.295590166975353,ade[c] + h2o[c] + h[c] -> hxan[c] + nh4[c],,
22,81_plus,high_fiber,Faecalibacterium_prausnitzii_M21_2__AGORA1_03,Nucleotide interconversion,NTD7,5-Nucleotidase (AMP),2.295590166975353,amp[c] + h2o[c] -> adn[c] + pi[c],,
23,81_plus,high_fiber,Faecalibacterium_prausnitzii_M21_2__AGORA1_03,Nucleotide interconversion,PUNP1,Purine-Nucleoside Phosphorylase (Adenosine),2.2797182648358554,adn[c] + pi[c] -> ade[c] + r1p[c],,
24,81_plus,high_fiber,Faecalibacterium_prausnitzii_M21_2__AGORA1_03,Nucleotide interconversion,CYTK1,Cytidylate Kinase (CMP),1.7729476624361578,atp[c] + cmp[c] -> adp[c] + cdp[c],,
25,81_plus,high_fiber,Faecalibacterium_prausnitzii_M21_2__AGORA1_03,Nucleotide interconversion,UMPK,UMP Kinase,0.2314034853732209,atp[c] + ump[c] -> adp[c] + udp[c],,
26,81_plus,high_fiber,Faecalibacterium_prausnitzii_M21_2__AGORA1_03,Nucleotide interconversion,IMPD,IMP Dehydrogenase,0.1149716875636386,h2o[c] + imp[c] + nad[c] -> h[c] + nadh[c] + xmp[c],,
27,81_plus,high_fiber,Faecalibacterium_prausnitzii_M21_2__AGORA1_03,Nucleotide interconversion,GMPS2,GMP Synthase,0.0847659567012897,atp[c] + gln_L[c] + h2o[c] + xmp[c] -> amp[c] + glu_L[c] + gmp[c] + 2 h[c] + ppi[c],,
28,81_plus,high_fiber,Faecalibacterium_prausnitzii_M21_2__AGORA1_03,Nucleotide interconversion,ADAD,deoxycytidine kinase,0.0537166243549336,atp[c] + dcyt[c] -> adp[c] + dcmp[c] + h[c],,
29,81_plus,high_fiber,Faecalibacterium_prausnitzii_M21_2__AGORA1_03,Nucleotide interconversion,CTPS1,CTP Synthase (NH3),0.0522233297847561,atp[c] + nh4[c] + utp[c] -> adp[c] + ctp[c] + 2 h[c] + pi[c],,
30,81_plus,high_fiber,Faecalibacterium_prausnitzii_M21_2__AGORA1_03,Nucleotide interconversion,CYTK2,Cytidylate Kinase (dCMP),0.0302057308623489,atp[c] + dcmp[c] -> adp[c] + dcdp[c],,
31,81_plus,high_fiber,Faecalibacterium_prausnitzii_M21_2__AGORA1_03,Nucleotide interconversion,DGK1,Deoxyguanylate Kinase (dGMP:ATP),0.0302057308623489,atp[c] + dgmp[c] -> adp[c] + dgdp[c],,
32,81_plus,high_fiber,Faecalibacterium_prausnitzii_M21_2__AGORA1_03,Nucleotide interconversion,PUNP7,Purine-Nucleoside Phosphorylase (Xanthosine),-0.0302057308623489,r1p[c] + xan[c] -> pi[c] + xtsn[c],,
33,81_plus,high_fiber,Faecalibacterium_prausnitzii_M21_2__AGORA1_03,Nucleotide interconversion,r0456,ATP:Deoxyguanosine 5-Phosphotransferase,0.0302057308623489,atp[c] + dgsn[c] -> adp[c] + dgmp[c] + h[c],,
34,81_plus,high_fiber,Faecalibacterium_prausnitzii_M21_2__AGORA1_03,Nucleotide interconversion,r1384,Guanosine Aminohydrolase,-0.0302057308623489,nh4[c] + xtsn[c] -> gsn[c] + h2o[c] + h[c],,
35,81_plus,high_fiber,Faecalibacterium_prausnitzii_M21_2__AGORA1_03,Nucleotide interconversion,DTMPK,DTMP Kinase,0.0235108934925847,atp[c] + dtmp[c] -> adp[c] + dtdp[c],,
36,81_plus,high_fiber,Faecalibacterium_prausnitzii_M21_2__AGORA1_03,Nucleotide interconversion,RNDR1,Ribonucleoside-Diphosphate Reductase (ADP),0.0235108934925847,adp[c] + trdrd[c] -> dadp[c] + h2o[c] + trdox[c],,
37,81_plus,high_fiber,Faecalibacterium_prausnitzii_M21_2__AGORA1_03,Nucleotide interconversion,TMDSf2,"thymidylate synthase  (Flavin-dependent, NAD)",0.0235108934925847,dump[c] + fadh2[c] + mlthf[c] -> dtmp[c] + fad[c] + thf[c],,
38,81_plus,high_fiber,Faecalibacterium_prausnitzii_M21_2__AGORA1_03,Nucleotide interconversion,ADK2,adenylate kinase (Inorganic triphosphate),0.0158719021394973,amp[c] + pppi[c] -> adp[c] + ppi[c],,
39,81_plus,high_fiber,Faecalibacterium_prausnitzii_M21_2__AGORA1_03,Nucleotide interconversion,BPNT,"3, 5-Bisphosphate Nucleotidase",0.0158719021394973,h2o[c] + pap[c] -> amp[c] + pi[c],,
