age_group,diet,species,pathway,metabolite_id,metabolite_name,layer_from,layer_to,species_from,species_to,reaction_id,reaction_name,flux,abs_flux,role
81_plus,high_fiber,Faecalibacterium_prausnitzii_M21_2__AGORA1_03,Nucleotide interconversion,hxan(e),Hypoxanthine,environment,organism_exchange,,Faecalibacterium_prausnitzii_M21_2__AGORA1_03,EX_hxan(e),Hypoxanthine exchange,2.1806184794117143,2.1806184794117143,environment_exchange
81_plus,high_fiber,Faecalibacterium_prausnitzii_M21_2__AGORA1_03,Nucleotide interconversion,hxan(e),Hypoxanthine,organism_exchange,shared_metabolite,Parabacteroides_merdae_ATCC_43184_AGORA1_03,,EX_hxan(e),Hypoxanthine exchange,-10.709142304080371,10.709142304080371,organism_secretion
81_plus,high_fiber,Faecalibacterium_prausnitzii_M21_2__AGORA1_03,Nucleotide interconversion,hxan(e),Hypoxanthine,organism_exchange,organism_exchange,Parabacteroides_merdae_ATCC_43184_AGORA1_03,Faecalibacterium_prausnitzii_M21_2__AGORA1_03,,Cross-feeding candidate via Hypoxanthine,2.1806184794117143,2.1806184794117143,crossfeeding_candidate
81_plus,high_fiber,Faecalibacterium_prausnitzii_M21_2__AGORA1_03,Nucleotide interconversion,hxan(e),Hypoxanthine,shared_metabolite,organism_exchange,,Faecalibacterium_prausnitzii_M21_2__AGORA1_03,EX_hxan(e),Hypoxanthine exchange,2.1806184794117143,2.1806184794117143,organism_uptake
81_plus,high_fiber,Faecalibacterium_prausnitzii_M21_2__AGORA1_03,Nucleotide interconversion,hxan(e),Hypoxanthine,organism_exchange,species_internal,Faecalibacterium_prausnitzii_M21_2__AGORA1_03,Faecalibacterium_prausnitzii_M21_2__AGORA1_03,ADK1,Adenylate Kinase,-1000.0,1000.0,internal_processing
81_plus,high_fiber,Faecalibacterium_prausnitzii_M21_2__AGORA1_03,Nucleotide interconversion,hxan(e),Hypoxanthine,organism_exchange,species_internal,Faecalibacterium_prausnitzii_M21_2__AGORA1_03,Faecalibacterium_prausnitzii_M21_2__AGORA1_03,NDPK1,Nucleoside-Diphosphate Kinase (ATP:GDP),1000.0,1000.0,internal_processing
81_plus,high_fiber,Faecalibacterium_prausnitzii_M21_2__AGORA1_03,Nucleotide interconversion,hxan(e),Hypoxanthine,organism_exchange,species_internal,Faecalibacterium_prausnitzii_M21_2__AGORA1_03,Faecalibacterium_prausnitzii_M21_2__AGORA1_03,ADK10,adenylate kinase (dTTP),-1000.0,1000.0,internal_processing
81_plus,high_fiber,Faecalibacterium_prausnitzii_M21_2__AGORA1_03,Nucleotide interconversion,hxan(e),Hypoxanthine,organism_exchange,species_internal,Faecalibacterium_prausnitzii_M21_2__AGORA1_03,Faecalibacterium_prausnitzii_M21_2__AGORA1_03,NDPK6,Nucleoside-Diphosphate Kinase (ATP:dUDP),1000.0,1000.0,internal_processing
81_plus,high_fiber,Faecalibacterium_prausnitzii_M21_2__AGORA1_03,Nucleotide interconversion,hxan(e),Hypoxanthine,organism_exchange,species_internal,Faecalibacterium_prausnitzii_M21_2__AGORA1_03,Faecalibacterium_prausnitzii_M21_2__AGORA1_03,NDPK2,Nucleoside-Diphosphate Kinase (ATP:UDP),1000.0,1000.0,internal_processing
81_plus,high_fiber,Faecalibacterium_prausnitzii_M21_2__AGORA1_03,Nucleotide interconversion,hxan(e),Hypoxanthine,organism_exchange,species_internal,Faecalibacterium_prausnitzii_M21_2__AGORA1_03,Faecalibacterium_prausnitzii_M21_2__AGORA1_03,NDPK7,Nucleoside-Diphosphate Kinase (ATP:dCDP),1000.0,1000.0,internal_processing
81_plus,high_fiber,Faecalibacterium_prausnitzii_M21_2__AGORA1_03,Nucleotide interconversion,hxan(e),Hypoxanthine,organism_exchange,species_internal,Faecalibacterium_prausnitzii_M21_2__AGORA1_03,Faecalibacterium_prausnitzii_M21_2__AGORA1_03,GK1,Guanylate Kinase (GMP:ATP),1000.0,1000.0,internal_processing
81_plus,high_fiber,Faecalibacterium_prausnitzii_M21_2__AGORA1_03,Nucleotide interconversion,hxan(e),Hypoxanthine,organism_exchange,species_internal,Faecalibacterium_prausnitzii_M21_2__AGORA1_03,Faecalibacterium_prausnitzii_M21_2__AGORA1_03,ADK9,adenylate kinase (dGTP),-1000.0,1000.0,internal_processing
81_plus,high_fiber,Faecalibacterium_prausnitzii_M21_2__AGORA1_03,Nucleotide interconversion,hxan(e),Hypoxanthine,organism_exchange,species_internal,Faecalibacterium_prausnitzii_M21_2__AGORA1_03,Faecalibacterium_prausnitzii_M21_2__AGORA1_03,ADK5,adenylate kinase (CTP),-1000.0,1000.0,internal_processing
81_plus,high_fiber,Faecalibacterium_prausnitzii_M21_2__AGORA1_03,Nucleotide interconversion,hxan(e),Hypoxanthine,organism_exchange,species_internal,Faecalibacterium_prausnitzii_M21_2__AGORA1_03,Faecalibacterium_prausnitzii_M21_2__AGORA1_03,ADK11,adenylate kinase (dUTP),1000.0,1000.0,internal_processing
81_plus,high_fiber,Faecalibacterium_prausnitzii_M21_2__AGORA1_03,Nucleotide interconversion,hxan(e),Hypoxanthine,organism_exchange,species_internal,Faecalibacterium_prausnitzii_M21_2__AGORA1_03,Faecalibacterium_prausnitzii_M21_2__AGORA1_03,ADK8,adenylate kinase (dCTP),999.9697942691377,999.9697942691377,internal_processing
81_plus,high_fiber,Faecalibacterium_prausnitzii_M21_2__AGORA1_03,Nucleotide interconversion,hxan(e),Hypoxanthine,organism_exchange,species_internal,Faecalibacterium_prausnitzii_M21_2__AGORA1_03,Faecalibacterium_prausnitzii_M21_2__AGORA1_03,NDPK5,Nucleoside-Diphosphate Kinase (ATP:dGDP),-999.9697942691377,999.9697942691377,internal_processing
81_plus,high_fiber,Faecalibacterium_prausnitzii_M21_2__AGORA1_03,Nucleotide interconversion,hxan(e),Hypoxanthine,organism_exchange,species_internal,Faecalibacterium_prausnitzii_M21_2__AGORA1_03,Faecalibacterium_prausnitzii_M21_2__AGORA1_03,ADK3,Adentylate Kinase (GTP),999.8993621411591,999.8993621411591,internal_processing
81_plus,high_fiber,Faecalibacterium_prausnitzii_M21_2__AGORA1_03,Nucleotide interconversion,hxan(e),Hypoxanthine,organism_exchange,species_internal,Faecalibacterium_prausnitzii_M21_2__AGORA1_03,Faecalibacterium_prausnitzii_M21_2__AGORA1_03,GK2,guanylate kinase (GMPdATP),-999.8993621411591,999.8993621411591,internal_processing
81_plus,high_fiber,Faecalibacterium_prausnitzii_M21_2__AGORA1_03,Nucleotide interconversion,hxan(e),Hypoxanthine,organism_exchange,species_internal,Faecalibacterium_prausnitzii_M21_2__AGORA1_03,Faecalibacterium_prausnitzii_M21_2__AGORA1_03,NDPK4,Nucleoside-Diphosphate Kinase (ATP:dTDP),-999.8678424310187,999.8678424310187,internal_processing
81_plus,high_fiber,Faecalibacterium_prausnitzii_M21_2__AGORA1_03,Nucleotide interconversion,hxan(e),Hypoxanthine,organism_exchange,species_internal,Faecalibacterium_prausnitzii_M21_2__AGORA1_03,Faecalibacterium_prausnitzii_M21_2__AGORA1_03,UTPATPT,Uridine triphosphate:AMP phosphotransferase,999.2739587806795,999.2739587806795,internal_processing
81_plus,high_fiber,Faecalibacterium_prausnitzii_M21_2__AGORA1_03,Nucleotide interconversion,hxan(e),Hypoxanthine,organism_exchange,species_internal,Faecalibacterium_prausnitzii_M21_2__AGORA1_03,Faecalibacterium_prausnitzii_M21_2__AGORA1_03,NDPK3,Nucleoside-Diphosphate Kinase (ATP:CDP),-998.2270523375638,998.2270523375638,internal_processing
81_plus,high_fiber,Faecalibacterium_prausnitzii_M21_2__AGORA1_03,Nucleotide interconversion,hxan(e),Hypoxanthine,organism_exchange,species_internal,Faecalibacterium_prausnitzii_M21_2__AGORA1_03,Faecalibacterium_prausnitzii_M21_2__AGORA1_03,NDPK8,Nucleoside-Diphosphate Kinase (ATP:dADP),-944.3839386354474,944.3839386354474,internal_processing
81_plus,high_fiber,Faecalibacterium_prausnitzii_M21_2__AGORA1_03,Nucleotide interconversion,hxan(e),Hypoxanthine,organism_exchange,species_internal,Faecalibacterium_prausnitzii_M21_2__AGORA1_03,Faecalibacterium_prausnitzii_M21_2__AGORA1_03,ADK7,adenylate kinase (dATP),55.49191261221927,55.49191261221927,internal_processing
81_plus,high_fiber,Faecalibacterium_prausnitzii_M21_2__AGORA1_03,Nucleotide interconversion,hxan(e),Hypoxanthine,organism_exchange,species_internal,Faecalibacterium_prausnitzii_M21_2__AGORA1_03,Faecalibacterium_prausnitzii_M21_2__AGORA1_03,DURIPP,Deoxyuridine Phosphorylase,24.25312285248206,24.25312285248206,internal_processing
81_plus,high_fiber,Faecalibacterium_prausnitzii_M21_2__AGORA1_03,Nucleotide interconversion,hxan(e),Hypoxanthine,organism_exchange,species_internal,Faecalibacterium_prausnitzii_M21_2__AGORA1_03,Faecalibacterium_prausnitzii_M21_2__AGORA1_03,ADD,adenine deaminase,2.295590166975353,2.295590166975353,internal_processing
81_plus,high_fiber,Faecalibacterium_prausnitzii_M21_2__AGORA1_03,Nucleotide interconversion,hxan(e),Hypoxanthine,organism_exchange,species_internal,Faecalibacterium_prausnitzii_M21_2__AGORA1_03,Faecalibacterium_prausnitzii_M21_2__AGORA1_03,NTD7,5-Nucleotidase (AMP),2.295590166975353,2.295590166975353,internal_processing
81_plus,high_fiber,Faecalibacterium_prausnitzii_M21_2__AGORA1_03,Nucleotide interconversion,hxan(e),Hypoxanthine,organism_exchange,species_internal,Faecalibacterium_prausnitzii_M21_2__AGORA1_03,Faecalibacterium_prausnitzii_M21_2__AGORA1_03,PUNP1,Purine-Nucleoside Phosphorylase (Adenosine),2.2797182648358554,2.2797182648358554,internal_processing
81_plus,high_fiber,Faecalibacterium_prausnitzii_M21_2__AGORA1_03,Nucleotide interconversion,hxan(e),Hypoxanthine,organism_exchange,species_internal,Faecalibacterium_prausnitzii_M21_2__AGORA1_03,Faecalibacterium_prausnitzii_M21_2__AGORA1_03,CYTK1,Cytidylate Kinase (CMP),1.7729476624361578,1.7729476624361578,internal_processing
81_plus,high_fiber,Faecalibacterium_prausnitzii_M21_2__AGORA1_03,Nucleotide interconversion,hxan(e),Hypoxanthine,organism_exchange,species_internal,Faecalibacterium_prausnitzii_M21_2__AGORA1_03,Faecalibacterium_prausnitzii_M21_2__AGORA1_03,UMPK,UMP Kinase,0.2314034853732209,0.2314034853732209,internal_processing
81_plus,high_fiber,Faecalibacterium_prausnitzii_M21_2__AGORA1_03,Nucleotide interconversion,hxan(e),Hypoxanthine,organism_exchange,species_internal,Faecalibacterium_prausnitzii_M21_2__AGORA1_03,Faecalibacterium_prausnitzii_M21_2__AGORA1_03,IMPD,IMP Dehydrogenase,0.1149716875636386,0.1149716875636386,internal_processing
81_plus,high_fiber,Faecalibacterium_prausnitzii_M21_2__AGORA1_03,Nucleotide interconversion,hxan(e),Hypoxanthine,organism_exchange,species_internal,Faecalibacterium_prausnitzii_M21_2__AGORA1_03,Faecalibacterium_prausnitzii_M21_2__AGORA1_03,GMPS2,GMP Synthase,0.0847659567012897,0.0847659567012897,internal_processing
81_plus,high_fiber,Faecalibacterium_prausnitzii_M21_2__AGORA1_03,Nucleotide interconversion,hxan(e),Hypoxanthine,organism_exchange,species_internal,Faecalibacterium_prausnitzii_M21_2__AGORA1_03,Faecalibacterium_prausnitzii_M21_2__AGORA1_03,ADAD,deoxycytidine kinase,0.0537166243549336,0.0537166243549336,internal_processing
81_plus,high_fiber,Faecalibacterium_prausnitzii_M21_2__AGORA1_03,Nucleotide interconversion,hxan(e),Hypoxanthine,organism_exchange,species_internal,Faecalibacterium_prausnitzii_M21_2__AGORA1_03,Faecalibacterium_prausnitzii_M21_2__AGORA1_03,CTPS1,CTP Synthase (NH3),0.0522233297847561,0.0522233297847561,internal_processing
81_plus,high_fiber,Faecalibacterium_prausnitzii_M21_2__AGORA1_03,Nucleotide interconversion,hxan(e),Hypoxanthine,organism_exchange,species_internal,Faecalibacterium_prausnitzii_M21_2__AGORA1_03,Faecalibacterium_prausnitzii_M21_2__AGORA1_03,r0456,ATP:Deoxyguanosine 5-Phosphotransferase,0.0302057308623489,0.0302057308623489,internal_processing
81_plus,high_fiber,Faecalibacterium_prausnitzii_M21_2__AGORA1_03,Nucleotide interconversion,hxan(e),Hypoxanthine,organism_exchange,species_internal,Faecalibacterium_prausnitzii_M21_2__AGORA1_03,Faecalibacterium_prausnitzii_M21_2__AGORA1_03,r1384,Guanosine Aminohydrolase,-0.0302057308623489,0.0302057308623489,internal_processing
81_plus,high_fiber,Faecalibacterium_prausnitzii_M21_2__AGORA1_03,Nucleotide interconversion,hxan(e),Hypoxanthine,organism_exchange,species_internal,Faecalibacterium_prausnitzii_M21_2__AGORA1_03,Faecalibacterium_prausnitzii_M21_2__AGORA1_03,CYTK2,Cytidylate Kinase (dCMP),0.0302057308623489,0.0302057308623489,internal_processing
81_plus,high_fiber,Faecalibacterium_prausnitzii_M21_2__AGORA1_03,Nucleotide interconversion,hxan(e),Hypoxanthine,organism_exchange,species_internal,Faecalibacterium_prausnitzii_M21_2__AGORA1_03,Faecalibacterium_prausnitzii_M21_2__AGORA1_03,PUNP7,Purine-Nucleoside Phosphorylase (Xanthosine),-0.0302057308623489,0.0302057308623489,internal_processing
81_plus,high_fiber,Faecalibacterium_prausnitzii_M21_2__AGORA1_03,Nucleotide interconversion,hxan(e),Hypoxanthine,organism_exchange,species_internal,Faecalibacterium_prausnitzii_M21_2__AGORA1_03,Faecalibacterium_prausnitzii_M21_2__AGORA1_03,DGK1,Deoxyguanylate Kinase (dGMP:ATP),0.0302057308623489,0.0302057308623489,internal_processing
81_plus,high_fiber,Faecalibacterium_prausnitzii_M21_2__AGORA1_03,Nucleotide interconversion,hxan(e),Hypoxanthine,organism_exchange,species_internal,Faecalibacterium_prausnitzii_M21_2__AGORA1_03,Faecalibacterium_prausnitzii_M21_2__AGORA1_03,DTMPK,DTMP Kinase,0.0235108934925847,0.0235108934925847,internal_processing
81_plus,high_fiber,Faecalibacterium_prausnitzii_M21_2__AGORA1_03,Nucleotide interconversion,hxan(e),Hypoxanthine,organism_exchange,species_internal,Faecalibacterium_prausnitzii_M21_2__AGORA1_03,Faecalibacterium_prausnitzii_M21_2__AGORA1_03,RNDR1,Ribonucleoside-Diphosphate Reductase (ADP),0.0235108934925847,0.0235108934925847,internal_processing
81_plus,high_fiber,Faecalibacterium_prausnitzii_M21_2__AGORA1_03,Nucleotide interconversion,hxan(e),Hypoxanthine,organism_exchange,species_internal,Faecalibacterium_prausnitzii_M21_2__AGORA1_03,Faecalibacterium_prausnitzii_M21_2__AGORA1_03,TMDSf2,"thymidylate synthase  (Flavin-dependent, NAD)",0.0235108934925847,0.0235108934925847,internal_processing
81_plus,high_fiber,Faecalibacterium_prausnitzii_M21_2__AGORA1_03,Nucleotide interconversion,hxan(e),Hypoxanthine,organism_exchange,species_internal,Faecalibacterium_prausnitzii_M21_2__AGORA1_03,Faecalibacterium_prausnitzii_M21_2__AGORA1_03,ADK2,adenylate kinase (Inorganic triphosphate),0.0158719021394973,0.0158719021394973,internal_processing
81_plus,high_fiber,Faecalibacterium_prausnitzii_M21_2__AGORA1_03,Nucleotide interconversion,hxan(e),Hypoxanthine,organism_exchange,species_internal,Faecalibacterium_prausnitzii_M21_2__AGORA1_03,Faecalibacterium_prausnitzii_M21_2__AGORA1_03,BPNT,"3, 5-Bisphosphate Nucleotidase",0.0158719021394973,0.0158719021394973,internal_processing
